Country,1990,,1991,,1992,,1993,,1994,,1995,,1996,,1997,,1998,,1999,,2000,,2001,,2002,,2003,,2004,,2005,,2006,,2007,,2008,,2009,,2010,,2011,,2012,,2013,,2014,,2015,,2016,,2017,,2018,,2019
 Afghanistan,122,,133,,145,,156,,168,,179,,190,,202,,213,,224,,235,,247,,259,,271,,302,,312,,324,,336,,342,,352,,372,,374,,390,,398,,403,,405,,406,,408,,413,,414
 Albania,583,,588,,557,,542,,541,,550,,557,,569,,579,,584,,586,,588,,596,,604,,605,,621,,628,,640,,644,,650,,671,,714,,739,,749,,758,,753,,745,,747,,743,,746
 Algeria,385,,395,,405,,414,,424,,431,,443,,458,,473,,487,,500,,513,,529,,542,,557,,570,,577,,588,,588,,608,,626,,644,,639,,639,,652,,659,,660,,665,,668,,672
 Andorra,..,,..,,..,,..,,..,,..,,..,,..,,..,,..,,630,,630,,636,,642,,650,,631,,651,,652,,667,,668,,670,,671,,724,,714,,725,,718,,722,,713,,720,,720
 Angola,..,,..,,..,,..,,..,,..,,..,,..,,..,,276,,288,,300,,312,,324,,336,,348,,362,,376,,390,,404,,398,,423,,435,,447,,460,,472,,487,,498,,500,,500
 Antigua and Barbuda,..,,..,,..,,..,,..,,..,,..,,..,,..,,..,,..,,..,,..,,..,,..,,673,,675,,676,,674,,672,,667,,651,,656,,657,,652,,654,,654,,655,,656,,665
 Argentina,628,,632,,634,,636,,639,,648,,659,,670,,681,,715,,736,,756,,762,,761,,760,,751,,795,,796,,801,,810,,818,,824,,822,,822,,826,,832,,834,,842,,842,,855
 Armenia,637,,640,,640,,647,,640,,631,,633,,646,,666,,674,,671,,660,,660,,662,,668,,679,,696,,717,,712,,729,,734,,737,,736,,743,,746,,750,,744,,739,,740,,740
 Australia,873,,874,,874,,875,,875,,894,,895,,895,,895,,895,,895,,896,,895,,893,,892,,873,,876,,879,,914,,916,,919,,922,,928,,906,,908,,918,,919,,923,,923,,924
 Austria,675,,682,,692,,699,,704,,709,,711,,715,,720,,727,,731,,754,,721,,728,,740,,749,,759,,806,,809,,819,,837,,838,,841,,833,,854,,861,,862,,865,,866,,865
 Azerbaijan,..,,..,,..,,..,,..,,618,,614,,616,,625,,633,,640,,647,,653,,660,,666,,652,,680,,662,,662,,674,,659,,663,,666,,668,,674,,681,,708,,713,,711,,711
 Bahamas,..,,..,,..,,..,,..,,..,,..,,..,,..,,..,,700,,702,,704,,706,,708,,710,,717,,717,,720,,725,,731,,730,,729,,728,,727,,731,,735,,736,,737,,740
 Bahrain,574,,586,,586,,599,,609,,619,,624,,628,,632,,635,,643,,645,,646,,646,,641,,637,,640,,644,,647,,651,,654,,664,,664,,674,,685,,755,,768,,770,,765,,769
 Bangladesh,251,,260,,268,,276,,284,,292,,303,,313,,324,,334,,344,,355,,362,,370,,378,,385,,391,,395,,391,,409,,432,,446,,456,,457,,451,,479,,496,,513,,524,,529
 Barbados,625,,632,,639,,646,,653,,660,,665,,669,,660,,678,,690,,690,,697,,704,,711,,718,,725,,732,,742,,751,,742,,755,,776,,777,,777,,777,,777,,773,,773,,782
 Belarus,..,,..,,..,,..,,..,,630,,643,,648,,649,,658,,668,,677,,687,,696,,706,,716,,745,,774,,804,,826,,828,,829,,833,,839,,838,,837,,839,,842,,843,,838
 Belgium,705,,708,,745,,779,,790,,803,,815,,820,,827,,825,,833,,838,,842,,846,,849,,856,,869,,871,,865,,870,,871,,873,,874,,880,,883,,890,,893,,900,,900,,902
 Belize,495,,498,,505,,512,,519,,526,,533,,540,,548,,555,,563,,570,,583,,596,,608,,596,,619,,626,,633,,635,,663,,650,,665,,665,,669,,674,,696,,691,,691,,695
 Benin,201,,208,,215,,222,,228,,235,,241,,248,,254,,262,,273,,294,,310,,321,,333,,344,,355,,366,,377,,389,,400,,411,,433,,454,,460,,473,,472,,472,,476,,478
 Bhutan,..,,..,,..,,..,,..,,..,,..,,..,,..,,..,,..,,..,,..,,..,,..,,335,,337,,350,,361,,372,,388,,401,,421,,443,,452,,465,,478,,491,,494,,496
 Bolivia (Plurinational State of),528,,537,,546,,555,,565,,574,,581,,574,,594,,616,,630,,631,,641,,644,,637,,631,,635,,624,,636,,639,,642,,642,,644,,656,,660,,666,,670,,686,,690,,695
 Bosnia and Herzegovina,..,,..,,..,,..,,..,,..,,..,,..,,..,,..,,557,,565,,574,,582,,590,,599,,607,,615,,623,,625,,608,,626,,672,,683,,687,,688,,709,,708,,710,,711
 Botswana,461,,478,,486,,493,,499,,519,,531,,542,,559,,577,,589,,597,,596,,603,,608,,613,,622,,625,,628,,632,,636,,641,,645,,649,,653,,657,,659,,664,,666,,676
 Brazil,463,,475,,487,,499,,511,,523,,535,,547,,559,,572,,584,,597,,610,,595,,593,,593,,589,,588,,608,,610,,619,,622,,628,,668,,674,,677,,684,,689,,689,,694
 Brunei Darussalam,588,,596,,604,,613,,620,,626,,629,,633,,632,,642,,643,,642,,646,,656,,667,,674,,678,,677,,677,,683,,683,,692,,709,,711,,710,,705,,707,,704,,703,,702
 Bulgaria,632,,637,,635,,635,,635,,647,,663,,667,,671,,676,,677,,690,,691,,705,,712,,715,,727,,743,,747,,752,,761,,765,,770,,785,,793,,794,,793,,785,,779,,779
 Burkina Faso,..,,..,,..,,..,,..,,..,,..,,..,,..,,..,,139,,142,,147,,151,,162,,173,,181,,194,,208,,220,,232,,245,,253,,261,,264,,277,,286,,298,,300,,312
 Burundi,171,,176,,172,,181,,181,,181,,182,,182,,183,,183,,187,,186,,199,,214,,228,,240,,280,,301,,323,,359,,376,,392,,399,,408,,419,,424,,429,,422,,412,,417
 Cabo Verde,..,,..,,..,,..,,..,,..,,..,,..,,..,,..,,436,,435,,451,,454,,455,,463,,487,,490,,503,,515,,521,,532,,543,,549,,567,,568,,564,,565,,566,,562
 Cambodia,276,,280,,284,,288,,292,,297,,301,,305,,310,,305,,319,,337,,369,,382,,392,,400,,409,,424,,425,,428,,444,,449,,455,,460,,465,,468,,472,,476,,476,,484
 Cameroon,339,,342,,343,,344,,344,,345,,346,,347,,350,,353,,364,,401,,400,,404,,406,,405,,400,,422,,434,,448,,461,,478,,501,,517,,522,,536,,540,,543,,546,,547
 Canada,806,,818,,824,,815,,820,,822,,825,,816,,805,,805,,805,,814,,822,,830,,839,,847,,850,,833,,836,,838,,842,,842,,849,,864,,874,,880,,884,,889,,893,,894
 Central African Republic,214,,207,,189,,196,,202,,208,,215,,222,,229,,236,,243,,249,,256,,262,,269,,276,,282,,288,,294,,296,,307,,317,,322,,329,,334,,339,,345,,352,,353,,353
 Chad,..,,..,,..,,..,,..,,..,,..,,..,,..,,..,,180,,188,,196,,200,,203,,202,,212,,222,,232,,246,,249,,269,,278,,286,,295,,283,,278,,288,,290,,288
 Chile,626,,638,,640,,613,,620,,627,,633,,640,,637,,653,,661,,684,,685,,698,,715,,722,,719,,745,,760,,784,,722,,744,,751,,758,,783,,791,,799,,804,,805,,810
 China,405,,411,,420,,427,,427,,442,,450,,457,,465,,473,,481,,488,,500,,514,,522,,535,,551,,565,,577,,586,,602,,610,,617,,627,,633,,642,,647,,647,,649,,657
 Colombia,433,,438,,457,,466,,474,,480,,498,,512,,526,,529,,534,,537,,540,,533,,560,,565,,577,,602,,614,,617,,634,,638,,644,,644,,664,,664,,673,,678,,678,,682
 Comoros,..,,..,,..,,..,,..,,..,,..,,..,,..,,..,,328,,338,,348,,362,,364,,376,,388,,399,,411,,422,,434,,457,,465,,468,,470,,471,,474,,476,,479,,482
 Congo,455,,455,,457,,458,,459,,460,,459,,458,,456,,455,,454,,452,,449,,445,,453,,460,,468,,476,,484,,492,,500,,500,,500,,511,,522,,533,,539,,539,,539,,543
 Congo (Democratic Republic of the),263,,266,,270,,273,,277,,280,,285,,290,,295,,300,,305,,315,,324,,333,,343,,352,,362,,381,,408,,419,,453,,452,,453,,466,,484,,478,,486,,493,,494,,496
 Costa Rica,505,,515,,526,,534,,542,,550,,559,,567,,576,,584,,593,,597,,601,,605,,609,,613,,619,,628,,642,,650,,650,,679,,686,,694,,712,,710,,714,,717,,724,,726
 Croatia,498,,508,,519,,529,,553,,558,,575,,592,,616,,639,,656,,677,,685,,693,,702,,710,,717,,733,,742,,746,,753,,772,,777,,785,,797,,802,,802,,802,,803,,805
 Cuba,624,,626,,627,,633,,619,,621,,636,,640,,647,,655,,663,,670,,671,,693,,721,,736,,780,,815,,838,,841,,824,,813,,773,,760,,760,,767,,768,,776,,783,,790
 Cyprus,546,,553,,556,,644,,648,,655,,662,,668,,671,,674,,676,,684,,701,,718,,724,,729,,740,,755,,768,,781,,767,,771,,777,,788,,793,,792,,808,,813,,827,,827
 Czechia,609,,609,,612,,626,,642,,657,,685,,699,,697,,719,,741,,762,,777,,792,,794,,809,,821,,830,,836,,850,,858,,863,,859,,882,,893,,891,,889,,890,,890,,890
 Cï¿½te d'Ivoire,233,,238,,243,,248,,253,,259,,266,,273,,273,,287,,297,,305,,313,,321,,329,,336,,344,,352,,360,,368,,376,,386,,393,,399,,389,,404,,417,,436,,450,,453
 Denmark,690,,700,,708,,723,,739,,751,,763,,774,,784,,809,,809,,842,,858,,885,,889,,895,,890,,884,,897,,891,,895,,924,,925,,926,,927,,918,,917,,919,,921,,920
 Djibouti,..,,..,,..,,..,,..,,171,,173,,178,,182,,186,,188,,203,,211,,222,,232,,245,,253,,267,,278,,284,,296,,300,,308,,311,,314,,315,,316,,316,,322,,325
 Dominica,..,,..,,..,,..,,..,,..,,..,,..,,..,,..,,595,,597,,599,,602,,604,,606,,608,,610,,612,,613,,639,,639,,637,,635,,634,,632,,630,,629,,630,,632
 Dominican Republic,485,,493,,501,,509,,517,,525,,531,,537,,542,,548,,554,,560,,566,,573,,579,,585,,590,,595,,598,,601,,606,,611,,616,,619,,641,,652,,655,,657,,660,,666
 Ecuador,551,,549,,553,,557,,561,,565,,567,,570,,572,,575,,577,,581,,586,,590,,594,,598,,600,,622,,629,,633,,646,,651,,695,,697,,695,,717,,704,,707,,709,,702
 Egypt,389,,392,,400,,408,,416,,424,,433,,442,,438,,461,,468,,476,,484,,487,,497,,507,,518,,529,,540,,540,,551,,556,,571,,583,,586,,597,,604,,605,,609,,618
 El Salvador,382,,384,,396,,408,,420,,432,,447,,463,,478,,479,,493,,502,,514,,528,,539,,551,,561,,555,,557,,560,,586,,570,,577,,576,,568,,562,,566,,562,,553,,555
 Equatorial Guinea,..,,..,,..,,..,,..,,..,,..,,..,,..,,..,,402,,407,,411,,416,,421,,429,,431,,433,,434,,436,,438,,438,,439,,439,,439,,440,,440,,441,,441,,467
 Eritrea,..,,..,,..,,..,,..,,..,,..,,..,,..,,..,,..,,..,,..,,..,,..,,272,,272,,271,,270,,282,,279,,269,,271,,272,,290,,279,,279,,269,,269,,269
 Estonia,675,,676,,683,,678,,690,,707,,726,,747,,768,,783,,808,,822,,830,,835,,841,,850,,852,,856,,858,,863,,872,,876,,877,,875,,870,,878,,882,,881,,882,,882
 Eswatini (Kingdom of),407,,412,,410,,409,,410,,408,,406,,401,,397,,395,,388,,380,,373,,376,,403,,426,,459,,470,,481,,491,,501,,508,,515,,522,,532,,537,,541,,545,,553,,557
 Ethiopia,..,,..,,..,,..,,..,,..,,..,,..,,..,,..,,169,,187,,200,,208,,221,,247,,264,,279,,298,,300,,305,,312,,314,,320,,323,,327,,327,,332,,335,,341
 Fiji,616,,635,,647,,658,,670,,682,,683,,684,,685,,686,,686,,686,,685,,684,,695,,697,,704,,714,,715,,723,,724,,731,,738,,743,,753,,762,,758,,762,,764,,764
 Finland,666,,680,,703,,714,,731,,741,,752,,762,,775,,787,,803,,814,,817,,820,,890,,895,,896,,897,,897,,892,,897,,901,,904,,925,,921,,923,,924,,926,,927,,927
 France,631,,653,,669,,682,,715,,728,,737,,742,,747,,755,,743,,744,,742,,748,,750,,769,,774,,775,,776,,778,,783,,787,,792,,801,,811,,812,,809,,811,,812,,817
 Gabon,473,,480,,487,,494,,501,,509,,516,,523,,531,,538,,545,,551,,557,,563,,569,,575,,580,,585,,589,,594,,599,,604,,608,,612,,618,,623,,628,,633,,639,,650
 Gambia,183,,188,,194,,199,,205,,210,,219,,228,,236,,245,,254,,264,,274,,284,,293,,303,,314,,324,,333,,335,,335,,337,,345,,357,,362,,367,,373,,381,,390,,406
 Georgia,..,,..,,..,,..,,..,,..,,..,,..,,..,,..,,717,,721,,724,,731,,740,,753,,752,,770,,761,,775,,777,,779,,790,,804,,816,,831,,835,,845,,851,,862
 Germany,692,,705,,715,,740,,750,,759,,767,,775,,794,,810,,825,,840,,856,,871,,894,,893,,911,,915,,919,,923,,925,,930,,933,,931,,933,,934,,937,,940,,943,,943
 Ghana,375,,381,,386,,391,,397,,402,,405,,409,,411,,416,,427,,419,,427,,423,,437,,454,,469,,492,,511,,516,,526,,533,,530,,538,,545,,538,,556,,555,,558,,563
 Greece,607,,624,,623,,619,,626,,627,,632,,639,,659,,659,,672,,690,,714,,724,,742,,768,,775,,764,,785,,794,,793,,795,,805,,812,,831,,833,,824,,833,,833,,849
 Grenada,..,,..,,..,,..,,..,,..,,..,,..,,..,,..,,..,,..,,654,,662,,670,,678,,687,,695,,703,,711,,719,,726,,733,,740,,747,,754,,758,,750,,755,,770
 Guatemala,284,,289,,294,,300,,304,,311,,320,,330,,339,,349,,358,,368,,379,,382,,386,,390,,403,,416,,423,,430,,437,,443,,450,,453,,510,,512,,511,,511,,511,,519
 Guinea,121,,125,,129,,132,,137,,142,,147,,158,,169,,180,,191,,203,,214,,194,,236,,251,,265,,272,,281,,280,,288,,309,,322,,333,,340,,343,,347,,348,,350,,354
 Guinea-Bissau,..,,..,,..,,..,,..,,..,,..,,..,,..,,..,,..,,..,,..,,..,,..,,311,,325,,334,,345,,354,,361,,371,,377,,384,,394,,398,,400,,402,,402,,414
 Guyana,507,,512,,517,,523,,528,,533,,539,,545,,550,,556,,561,,565,,568,,554,,561,,570,,565,,561,,565,,565,,575,,591,,591,,593,,597,,598,,600,,601,,602,,601
 Haiti,288,,294,,299,,305,,310,,316,,322,,328,,333,,339,,345,,351,,356,,362,,368,,373,,378,,384,,389,,394,,399,,407,,411,,417,,424,,430,,437,,445,,450,,456
 Honduras,355,,357,,362,,367,,374,,381,,389,,396,,403,,411,,418,,426,,434,,442,,449,,457,,465,,474,,461,,469,,477,,480,,474,,474,,479,,479,,492,,496,,499,,499
" Hong Kong, China (SAR)",640,,645,,650,,655,,660,,665,,669,,673,,677,,682,,686,,701,,716,,731,,747,,762,,781,,783,,798,,807,,808,,807,,824,,828,,844,,850,,859,,863,,871,,880
 Hungary,598,,609,,623,,653,,683,,701,,710,,706,,715,,727,,736,,749,,758,,773,,770,,778,,795,,801,,808,,826,,830,,813,,818,,834,,821,,823,,818,,816,,819,,821
 Iceland,678,,710,,722,,721,,731,,738,,742,,758,,774,,778,,789,,796,,813,,827,,828,,835,,838,,842,,846,,849,,853,,868,,883,,898,,906,,906,,912,,912,,918,,926
 India,311,,317,,324,,331,,338,,344,,351,,358,,365,,372,,379,,382,,390,,409,,419,,429,,441,,452,,464,,466,,478,,491,,505,,514,,530,,540,,544,,558,,553,,555
 Indonesia,389,,391,,394,,398,,409,,420,,441,,467,,485,,504,,518,,524,,533,,543,,551,,552,,567,,559,,559,,579,,586,,598,,607,,614,,615,,622,,634,,637,,642,,650
 Iran (Islamic Republic of),397,,414,,432,,449,,466,,483,,493,,504,,514,,524,,530,,544,,546,,550,,546,,552,,633,,631,,640,,651,,662,,684,,731,,738,,738,,739,,747,,749,,750,,756
 Iraq,373,,377,,380,,384,,387,,390,,393,,396,,398,,401,,411,,426,,441,,456,,471,,478,,483,,488,,493,,498,,503,,511,,506,,501,,501,,506,,510,,542,,554,,557
 Ireland,660,,665,,675,,693,,703,,710,,714,,723,,798,,809,,818,,827,,840,,851,,864,,870,,866,,870,,880,,877,,857,,862,,877,,893,,910,,910,,918,,918,,918,,922
 Israel,714,,729,,740,,750,,757,,763,,769,,786,,803,,820,,820,,827,,849,,848,,846,,847,,838,,855,,851,,855,,860,,871,,875,,874,,879,,880,,881,,879,,881,,883
 Italy,599,,609,,620,,631,,647,,656,,665,,678,,686,,694,,700,,712,,722,,733,,741,,748,,757,,765,,771,,774,,778,,787,,787,,785,,786,,784,,785,,785,,791,,793
 Jamaica,509,,513,,519,,524,,529,,534,,540,,545,,550,,555,,548,,576,,586,,569,,611,,618,,625,,645,,697,,694,,691,,689,,685,,681,,681,,687,,687,,692,,691,,689
 Japan,691,,697,,702,,715,,728,,735,,740,,745,,741,,747,,754,,759,,764,,768,,774,,779,,785,,788,,792,,796,,802,,813,,823,,830,,838,,839,,846,,848,,850,,851
 Jordan,496,,527,,561,,588,,613,,644,,650,,655,,660,,666,,671,,679,,666,,675,,681,,705,,704,,704,,704,,697,,685,,680,,685,,669,,672,,674,,672,,662,,664,,667
 Kazakhstan,613,,619,,627,,630,,633,,642,,651,,660,,669,,678,,692,,711,,730,,750,,769,,789,,795,,793,,790,,786,,781,,791,,801,,802,,806,,806,,809,,817,,822,,830
 Kenya,376,,379,,383,,386,,390,,393,,396,,399,,402,,405,,407,,414,,412,,434,,451,,455,,476,,475,,484,,494,,501,,508,,515,,522,,528,,534,,535,,536,,536,,534
 Kiribati,..,,..,,..,,..,,..,,..,,..,,..,,..,,..,,516,,556,,556,,581,,578,,581,,575,,575,,585,,588,,593,,593,,594,,594,,595,,583,,590,,590,,590,,594
 Korea (Republic of),676,,686,,694,,707,,723,,737,,751,,772,,768,,778,,787,,794,,800,,810,,821,,831,,838,,847,,851,,837,,856,,862,,865,,866,,865,,866,,867,,865,,865,,865
 Kuwait,476,,429,,382,,417,,464,,515,,566,,572,,583,,595,,595,,592,,598,,603,,598,,583,,594,,592,,595,,596,,599,,601,,608,,601,,612,,623,,629,,635,,638,,638
 Kyrgyzstan,619,,616,,615,,609,,600,,597,,603,,612,,626,,646,,657,,669,,674,,683,,683,,687,,693,,694,,690,,693,,697,,697,,710,,710,,719,,724,,723,,724,,723,,730
 Lao People's Democratic Republic,288,,294,,299,,304,,315,,309,,328,,336,,345,,350,,352,,354,,364,,375,,382,,390,,395,,402,,410,,420,,429,,447,,459,,462,,468,,479,,485,,483,,479,,481
 Latvia,604,,610,,613,,609,,609,,619,,631,,645,,666,,688,,707,,742,,769,,795,,822,,841,,845,,850,,857,,852,,850,,848,,843,,851,,861,,864,,871,,876,,883,,883
 Lebanon,..,,..,,..,,..,,..,,..,,..,,..,,..,,..,,..,,..,,..,,..,,..,,619,,610,,623,,627,,633,,631,,637,,619,,616,,598,,593,,588,,604,,604,,604
 Lesotho,415,,418,,419,,413,,424,,430,,429,,429,,429,,428,,450,,456,,460,,469,,471,,473,,475,,482,,480,,498,,492,,498,,505,,510,,515,,516,,521,,525,,528,,532
 Liberia,..,,..,,..,,..,,..,,..,,..,,..,,..,,354,,408,,407,,406,,406,,405,,404,,403,,403,,402,,401,,400,,428,,414,,420,,421,,415,,417,,422,,422,,426
 Libya,516,,527,,537,,548,,558,,568,,579,,589,,600,,610,,621,,631,,642,,646,,644,,642,,640,,639,,637,,635,,634,,625,,616,,613,,609,,606,,602,,607,,607,,610
 Liechtenstein,..,,..,,..,,..,,..,,..,,..,,..,,..,,..,,716,,728,,739,,751,,763,,767,,775,,782,,796,,795,,807,,819,,827,,824,,818,,818,,827,,827,,832,,832
 Lithuania,655,,658,,651,,647,,650,,661,,679,,699,,718,,740,,758,,780,,799,,820,,829,,849,,862,,867,,873,,852,,854,,860,,855,,857,,878,,883,,887,,890,,890,,898
 Luxembourg,602,,610,,618,,625,,633,,639,,657,,668,,684,,712,,717,,725,,734,,739,,746,,752,,759,,766,,767,,774,,780,,780,,779,,778,,783,,788,,798,,802,,802,,806
 Madagascar,..,,..,,..,,..,,..,,..,,..,,..,,..,,..,,399,,404,,412,,420,,428,,438,,443,,453,,465,,481,,484,,484,,489,,492,,494,,498,,494,,494,,489,,486
 Malawi,231,,239,,271,,280,,290,,385,,381,,387,,392,,395,,378,,388,,388,,387,,375,,373,,381,,383,,406,,421,,428,,433,,436,,450,,456,,457,,455,,455,,463,,470
 Malaysia,488,,499,,511,,518,,527,,536,,555,,574,,594,,603,,619,,613,,611,,620,,621,,608,,615,,640,,664,,676,,687,,694,,696,,701,,708,,713,,718,,724,,719,,726
 Maldives,..,,..,,..,,..,,..,,354,,368,,384,,401,,419,,430,,438,,435,,451,,451,,451,,458,,461,,470,,477,,494,,513,,525,,532,,546,,559,,563,,564,,564,,573
 Mali,81,,85,,91,,98,,106,,114,,123,,136,,146,,159,,168,,179,,191,,203,,214,,226,,237,,222,,260,,270,,277,,283,,284,,279,,285,,274,,278,,282,,286,,286
 Malta,605,,610,,614,,618,,620,,622,,625,,631,,646,,647,,648,,657,,662,,678,,700,,737,,729,,734,,733,,744,,769,,763,,777,,789,,798,,802,,813,,816,,824,,825
 Marshall Islands,..,,..,,..,,..,,..,,..,,..,,..,,..,,..,,..,,..,,..,,..,,..,,..,,..,,..,,..,,..,,..,,..,,..,,..,,..,,..,,..,,707,,707,,707
 Mauritania,178,,184,,195,,212,,234,,240,,249,,253,,266,,274,,279,,282,,286,,291,,307,,311,,319,,318,,317,,333,,338,,344,,359,,371,,381,,385,,397,,389,,392,,396
 Mauritius,481,,489,,497,,504,,512,,520,,524,,527,,535,,542,,546,,561,,569,,583,,595,,614,,623,,632,,642,,655,,664,,681,,699,,707,,729,,721,,728,,730,,733,,736
 Mexico,480,,481,,487,,491,,500,,512,,516,,521,,526,,532,,544,,553,,566,,572,,589,,604,,620,,621,,627,,637,,634,,649,,658,,652,,661,,672,,677,,681,,694,,703
 Micronesia (Federated States of),..,,..,,..,,..,,..,,..,,..,,..,,..,,..,,441,,453,,465,,478,,490,,503,,515,,527,,540,,541,,550,,554,,556,,558,,561,,560,,567,,574,,578,,581
 Moldova (Republic of),598,,597,,596,,595,,594,,593,,586,,590,,603,,615,,617,,623,,638,,652,,666,,676,,690,,700,,698,,697,,696,,699,,709,,716,,713,,709,,707,,708,,708,,711
 Mongolia,539,,527,,504,,474,,473,,474,,486,,495,,508,,518,,534,,557,,570,,593,,612,,639,,652,,668,,685,,701,,721,,734,,738,,742,,746,,752,,731,,733,,734,,736
 Montenegro,..,,..,,..,,..,,..,,..,,..,,..,,..,,..,,..,,..,,..,,693,,705,,718,,734,,751,,767,,780,,787,,788,,789,,790,,791,,792,,794,,796,,801,,803
 Morocco,254,,257,,264,,274,,285,,295,,303,,311,,317,,332,,349,,362,,378,,391,,401,,409,,412,,422,,429,,437,,449,,463,,480,,495,,511,,518,,538,,547,,559,,569
 Mozambique,131,,133,,134,,139,,147,,159,,177,,191,,206,,220,,236,,253,,268,,282,,298,,318,,328,,347,,360,,366,,373,,344,,345,,364,,367,,373,,381,,385,,389,,395
 Myanmar,251,,268,,286,,291,,296,,296,,301,,305,,310,,315,,319,,324,,329,,334,,339,,344,,350,,359,,370,,381,,392,,407,,417,,427,,431,,436,,440,,452,,458,,464
 Namibia,495,,496,,508,,520,,532,,528,,523,,517,,514,,506,,510,,521,,517,,520,,518,,516,,513,,519,,521,,528,,538,,549,,557,,562,,565,,569,,571,,581,,582,,584
 Nepal,276,,283,,291,,293,,295,,299,,310,,315,,320,,325,,328,,320,,339,,344,,350,,357,,373,,379,,393,,414,,442,,454,,478,,492,,499,,509,,513,,507,,516,,521
 Netherlands,746,,756,,756,,764,,829,,815,,822,,814,,815,,813,,821,,829,,824,,832,,835,,844,,851,,862,,866,,865,,871,,896,,897,,900,,903,,906,,908,,909,,912,,914
 New Zealand,787,,797,,807,,829,,846,,854,,858,,867,,869,,864,,869,,872,,887,,888,,888,,888,,890,,892,,894,,897,,899,,901,,903,,905,,907,,914,,919,,923,,923,,926
 Nicaragua,349,,366,,375,,383,,390,,398,,410,,422,,433,,445,,457,,468,,479,,482,,485,,488,,491,,498,,506,,513,,520,,524,,529,,536,,553,,555,,562,,566,,566,,573
 Niger,82,,84,,86,,90,,93,,97,,101,,105,,109,,112,,116,,120,,124,,126,,137,,144,,149,,154,,162,,170,,180,,189,,200,,209,,217,,226,,233,,245,,247,,249
 Nigeria,..,,..,,..,,..,,..,,..,,..,,..,,..,,..,,..,,..,,..,,411,,424,,426,,428,,431,,435,,438,,407,,424,,437,,475,,475,,474,,474,,484,,488,,499
 North Macedonia,..,,..,,..,,..,,..,,..,,..,,..,,..,,..,,544,,557,,569,,581,,593,,608,,616,,624,,653,,657,,662,,667,,670,,673,,676,,689,,695,,697,,702,,704
 Norway,772,,782,,792,,808,,839,,825,,832,,840,,867,,876,,888,,878,,880,,892,,912,,901,,906,,907,,905,,905,,912,,914,,907,,915,,907,,912,,918,,926,,928,,930
 Oman,..,,..,,..,,..,,..,,..,,..,,..,,..,,..,,475,,492,,510,,531,,543,,553,,562,,577,,614,,627,,635,,647,,664,,681,,694,,717,,718,,731,,718,,718
 Pakistan,205,,210,,215,,221,,226,,232,,237,,243,,248,,254,,259,,270,,280,,290,,290,,310,,317,,320,,332,,339,,345,,349,,351,,356,,365,,372,,380,,392,,392,,402
 Palau,..,,..,,..,,..,,..,,..,,..,,..,,..,,..,,761,,762,,763,,765,,766,,767,,773,,779,,784,,790,,795,,801,,803,,882,,884,,845,,849,,853,,848,,855
" Palestine, State of",..,,..,,..,,..,,..,,..,,..,,..,,..,,..,,..,,..,,..,,..,,607,,611,,620,,639,,643,,651,,656,,662,,671,,660,,663,,668,,670,,675,,676,,678
 Panama,538,,543,,552,,562,,565,,577,,586,,596,,607,,617,,627,,637,,645,,651,,655,,658,,661,,665,,663,,665,,665,,662,,668,,674,,681,,681,,692,,697,,697,,700
 Papua New Guinea,207,,214,,221,,228,,225,,241,,250,,259,,268,,273,,284,,296,,306,,316,,330,,340,,353,,367,,375,,389,,405,,419,,391,,425,,420,,429,,429,,430,,432,,439
 Paraguay,431,,442,,451,,463,,471,,480,,488,,499,,509,,520,,524,,546,,568,,570,,579,,581,,569,,568,,582,,576,,599,,604,,605,,624,,624,,635,,631,,634,,635,,638
 Peru,551,,556,,555,,558,,568,,581,,586,,590,,613,,636,,636,,655,,646,,636,,647,,653,,635,,642,,653,,656,,652,,678,,689,,697,,719,,709,,718,,721,,728,,740
 Philippines,519,,523,,527,,530,,533,,536,,549,,552,,556,,565,,572,,573,,584,,589,,611,,611,,610,,619,,624,,615,,622,,633,,644,,655,,661,,665,,663,,665,,667,,678
 Poland,665,,671,,676,,698,,710,,713,,723,,741,,756,,770,,777,,787,,804,,811,,796,,804,,808,,811,,815,,822,,832,,833,,817,,853,,849,,855,,866,,866,,866,,869
 Portugal,536,,550,,573,,606,,621,,632,,644,,652,,661,,652,,661,,669,,669,,681,,686,,692,,683,,684,,688,,702,,712,,721,,730,,739,,751,,767,,763,,763,,763,,768
 Qatar,507,,503,,502,,523,,545,,562,,588,,596,,604,,611,,613,,616,,625,,642,,646,,657,,648,,652,,663,,657,,637,,651,,682,,651,,634,,642,,655,,662,,653,,659
 Romania,632,,609,,600,,597,,598,,606,,622,,628,,634,,648,,654,,657,,667,,683,,703,,716,,733,,756,,777,,786,,783,,777,,763,,767,,765,,767,,772,,764,,762,,765
 Russian Federation,663,,664,,662,,658,,656,,662,,674,,682,,694,,705,,724,,735,,746,,757,,760,,762,,764,,767,,770,,763,,772,,783,,793,,794,,801,,804,,815,,823,,823,,823
 Rwanda,218,,222,,226,,230,,235,,239,,244,,248,,243,,262,,276,,282,,296,,316,,337,,354,,381,,395,,394,,416,,437,,437,,442,,451,,453,,452,,446,,462,,462,,458
 Saint Kitts and Nevis,..,,..,,..,,..,,..,,..,,..,,..,,..,,..,,..,,..,,..,,..,,..,,553,,564,,575,,603,,609,,622,,627,,616,,657,,658,,654,,658,,658,,661,,673
 Saint Lucia,..,,..,,..,,..,,..,,..,,..,,..,,..,,..,,593,,592,,592,,591,,584,,594,,608,,607,,628,,637,,644,,653,,641,,627,,640,,664,,668,,681,,673,,672
 Saint Vincent and the Grenadines,..,,..,,..,,..,,..,,..,,..,,..,,..,,..,,606,,613,,616,,626,,629,,636,,639,,642,,654,,652,,651,,658,,652,,656,,680,,682,,680,,679,,680,,684
 Samoa,577,,582,,588,,593,,598,,604,,609,,610,,619,,627,,627,,632,,637,,642,,654,,658,,662,,666,,666,,677,,692,,697,,694,,697,,700,,698,,698,,701,,701,,713
 Sao Tome and Principe,323,,331,,339,,347,,355,,363,,371,,379,,386,,394,,402,,408,,413,,418,,426,,433,,437,,441,,436,,453,,455,,466,,476,,489,,500,,532,,534,,557,,567,,567
 Saudi Arabia,489,,495,,502,,508,,515,,522,,529,,535,,542,,549,,555,,563,,572,,580,,594,,604,,619,,634,,649,,664,,691,,719,,747,,770,,787,,802,,803,,784,,789,,789
 Senegal,198,,198,,199,,200,,201,,202,,203,,204,,206,,208,,213,,235,,242,,249,,257,,264,,268,,278,,290,,294,,301,,304,,330,,342,,345,,354,,355,,354,,356,,345
 Serbia,610,,618,,626,,633,,641,,648,,654,,660,,666,,671,,677,,684,,684,,693,,700,,713,,716,,716,,724,,726,,722,,744,,739,,740,,754,,766,,775,,778,,783,,783
 Seychelles,..,,..,,..,,..,,..,,..,,..,,..,,..,,..,,588,,576,,588,,595,,592,,621,,585,,640,,656,,669,,684,,686,,645,,694,,691,,717,,717,,718,,715,,726
 Sierra Leone,190,,184,,194,,203,,213,,223,,232,,242,,251,,260,,270,,279,,287,,295,,303,,311,,318,,326,,334,,342,,349,,357,,364,,372,,374,,382,,387,,399,,403,,406
 Singapore,488,,503,,519,,535,,551,,566,,583,,600,,616,,633,,649,,657,,670,,681,,688,,739,,741,,736,,751,,754,,788,,796,,808,,813,,823,,835,,842,,833,,841,,844
 Slovakia,679,,686,,693,,699,,706,,714,,713,,708,,716,,713,,712,,707,,718,,729,,740,,753,,765,,779,,788,,795,,802,,818,,824,,823,,821,,823,,822,,824,,824,,826
 Slovenia,696,,699,,709,,708,,714,,724,,732,,744,,761,,788,,795,,818,,831,,843,,852,,854,,862,,862,,868,,873,,878,,878,,859,,881,,876,,875,,885,,893,,899,,910
 Solomon Islands,..,,..,,..,,..,,..,,..,,..,,..,,..,,350,,336,,357,,377,,383,,388,,394,,413,,421,,426,,432,,467,,471,,468,,467,,466,,468,,465,,469,,469,,474
 South Africa,532,,552,,581,,603,,617,,636,,639,,643,,646,,649,,652,,609,,644,,651,,653,,655,,656,,660,,681,,694,,696,,674,,685,,695,,705,,720,,718,,718,,721,,724
 South Sudan,..,,..,,..,,..,,..,,..,,..,,..,,..,,..,,..,,..,,..,,..,,..,,..,,..,,..,,..,,..,,297,,333,,325,,317,,309,,309,,309,,309,,309,,307
 Spain,591,,609,,627,,651,,671,,687,,697,,701,,704,,709,,715,,716,,717,,720,,726,,739,,745,,752,,759,,765,,781,,795,,803,,804,,816,,827,,832,,836,,838,,831
 Sri Lanka,592,,600,,608,,606,,625,,633,,642,,652,,661,,670,,679,,689,,692,,698,,704,,710,,716,,721,,738,,738,,739,,743,,744,,747,,749,,751,,735,,736,,741,,746
 Sudan,159,,167,,175,,183,,191,,198,,206,,214,,222,,230,,238,,244,,249,,255,,268,,274,,283,,282,,298,,305,,306,,301,,311,,323,,327,,333,,336,,337,,339,,345
 Suriname,..,,..,,..,,..,,..,,..,,..,,..,,..,,..,,..,,..,,..,,..,,570,,572,,576,,579,,583,,593,,595,,610,,634,,640,,642,,658,,659,,661,,661,,675
 Sweden,710,,715,,725,,779,,794,,807,,821,,845,,874,,878,,881,,883,,886,,894,,852,,853,,854,,854,,843,,845,,853,,851,,854,,907,,909,,912,,914,,914,,914,,918
 Switzerland,695,,701,,706,,716,,721,,727,,741,,758,,776,,789,,803,,807,,805,,813,,819,,823,,834,,844,,855,,873,,877,,880,,885,,888,,877,,885,,885,,888,,900,,900
 Syrian Arab Republic,417,,419,,419,,419,,419,,419,,422,,424,,427,,430,,433,,444,,442,,464,,485,,509,,522,,537,,533,,540,,534,,545,,567,,463,,431,,413,,414,,416,,416,,416
 Tajikistan,652,,658,,663,,646,,633,,639,,634,,630,,625,,621,,626,,627,,634,,645,,646,,649,,652,,649,,673,,671,,671,,668,,668,,667,,664,,663,,668,,670,,673,,682
 Tanzania (United Republic of),273,,278,,280,,284,,285,,287,,286,,288,,297,,306,,314,,323,,332,,343,,354,,370,,380,,390,,400,,410,,416,,415,,426,,415,,418,,431,,436,,431,,425,,429
 Thailand,387,,398,,406,,416,,425,,433,,446,,463,,485,,501,,517,,532,,544,,555,,568,,585,,576,,607,,611,,618,,611,,626,,626,,615,,629,,640,,650,,665,,675,,682
 Timor-Leste,..,,..,,..,,..,,..,,..,,..,,..,,..,,..,,364,,364,,370,,384,,399,,414,,428,,443,,468,,476,,493,,510,,508,,501,,498,,497,,495,,496,,496,,510
 Togo,310,,322,,310,,316,,321,,348,,363,,371,,379,,387,,395,,405,,410,,416,,421,,425,,437,,423,,436,,450,,464,,477,,483,,489,,491,,495,,500,,507,,510,,517
 Tonga,656,,662,,668,,673,,679,,685,,685,,685,,684,,683,,669,,676,,683,,709,,678,,678,,680,,697,,702,,711,,723,,729,,735,,738,,734,,772,,769,,770,,771,,775
 Trinidad and Tobago,575,,575,,577,,582,,589,,597,,604,,611,,594,,633,,636,,647,,638,,655,,665,,652,,674,,692,,705,,712,,712,,713,,701,,700,,704,,714,,721,,728,,728,,728
 Tunisia,406,,413,,420,,431,,448,,459,,470,,477,,496,,513,,526,,539,,549,,557,,573,,586,,594,,601,,612,,614,,625,,635,,633,,638,,640,,645,,647,,653,,659,,661
 Turkey,399,,404,,410,,416,,421,,427,,435,,442,,459,,477,,493,,510,,524,,530,,532,,534,,541,,552,,553,,569,,602,,622,,643,,682,,700,,704,,717,,722,,727,,731
 Turkmenistan,..,,..,,..,,..,,..,,..,,..,,..,,..,,..,,..,,..,,..,,..,,..,,..,,..,,..,,..,,..,,624,,625,,626,,626,,627,,628,,628,,628,,645,,653
 Uganda,250,,254,,243,,256,,262,,268,,300,,333,,365,,398,,430,,439,,458,,464,,442,,445,,453,,461,,473,,477,,493,,487,,483,,489,,495,,501,,504,,507,,515,,523
 Ukraine,648,,654,,654,,655,,659,,672,,684,,696,,708,,715,,717,,741,,757,,766,,767,,776,,781,,784,,786,,787,,788,,787,,791,,791,,800,,791,,792,,794,,792,,799
 United Arab Emirates,474,,493,,499,,509,,528,,544,,545,,545,,548,,561,,573,,582,,591,,600,,609,,622,,631,,641,,650,,659,,669,,678,,687,,697,,711,,735,,743,,783,,802,,802
 United Kingdom,644,,675,,707,,736,,764,,793,,801,,809,,816,,828,,836,,840,,842,,845,,861,,867,,859,,861,,872,,884,,896,,872,,866,,912,,920,,911,,911,,913,,918,,928
 United States,839,,843,,853,,863,,866,,869,,867,,867,,867,,863,,845,,851,,853,,857,,859,,862,,865,,869,,882,,887,,892,,897,,898,,891,,892,,893,,896,,899,,899,,900
 Uruguay,597,,601,,597,,601,,605,,609,,615,,629,,643,,648,,661,,674,,685,,697,,697,,688,,693,,686,,688,,698,,707,,717,,727,,735,,741,,743,,753,,759,,763,,765
 Uzbekistan,..,,..,,..,,..,,..,,..,,..,,..,,..,,..,,601,,614,,627,,634,,639,,645,,649,,657,,659,,667,,674,,681,,692,,699,,701,,705,,709,,724,,726,,729
 Vanuatu,..,,..,,..,,..,,..,,..,,..,,..,,..,,..,,..,,..,,..,,..,,..,,512,,514,,516,,519,,521,,523,,525,,527,,529,,529,,544,,540,,542,,545,,561
 Venezuela (Bolivarian Republic of),444,,457,,466,,471,,475,,480,,484,,487,,492,,502,,503,,518,,549,,556,,569,,591,,611,,642,,662,,667,,674,,705,,708,,724,,725,,724,,722,,700,,700,,700
 Viet Nam,348,,361,,374,,387,,400,,413,,427,,415,,455,,464,,474,,485,,496,,507,,518,,528,,539,,550,,561,,598,,583,,602,,608,,614,,613,,619,,621,,626,,626,,630
 Yemen,219,,222,,224,,227,,230,,233,,237,,241,,244,,249,,258,,268,,278,,287,,297,,303,,305,,308,,311,,319,,325,,343,,335,,345,,343,,342,,341,,341,,347,,350
 Zambia,365,,380,,396,,411,,426,,442,,447,,452,,457,,463,,468,,477,,486,,495,,505,,514,,522,,513,,522,,524,,526,,526,,529,,532,,532,,538,,544,,549,,553,,557
 Zimbabwe,423,,441,,437,,443,,450,,456,,463,,469,,475,,481,,488,,502,,493,,483,,485,,488,,495,,502,,509,,516,,523,,526,,549,,550,,557,,560,,565,,568,,570,,587
Human Development,,,..,,..,,..,,..,,..,,..,,..,,..,,..,,..,,..,,..,,..,,..,,..,,..,,..,,..,,..,,..,,..,,..,,..,,..,,..,,..,,..,,..,,..
Very high human development,679,,687,,680,,704,,714,,721,,729,,723,,742,,750,,755,,764,,771,,778,,784,,788,,794,,800,,807,,812,,821,,828,,832,,840,,845,,851,,855,,856,,856,,858
High human development,434,,441,,449,,456,,461,,474,,484,,493,,502,,513,,523,,530,,540,,549,,556,,565,,577,,586,,596,,604,,615,,623,,631,,642,,647,,654,,659,,660,,661,,670
Medium human development,302,,309,,316,,323,,329,,336,,343,,349,,357,,364,,372,,377,,386,,401,,411,,421,,431,,441,,451,,457,,467,,479,,491,,498,,510,,520,,532,,537,,537,,531
Low human development,219,,223,,226,,231,,235,,242,,250,,258,,266,,275,,279,,286,,296,,323,,334,,343,,352,,361,,372,,380,,380,,387,,393,,404,,406,,409,,411,,416,,418,,423
Developing Countries,375,,381,,388,,394,,400,,410,,418,,426,,434,,443,,450,,457,,466,,476,,484,,493,,503,,512,,521,,528,,536,,546,,554,,562,,569,,575,,582,,584,,584,,590
Regions,,,..,,..,,..,,..,,..,,..,,..,,..,,..,,..,,..,,..,,..,,..,,..,,..,,..,,..,,..,,..,,..,,..,,..,,..,,..,,..,,..,,..,,..
Arab States,358,,363,,370,,377,,385,,393,,401,,409,,414,,427,,436,,446,,456,,465,,478,,489,,494,,506,,514,,521,,530,,539,,547,,550,,553,,558,,564,,569,,572,,579
East Asia and the Pacific,401,,408,,416,,423,,426,,439,,450,,458,,469,,478,,487,,495,,505,,517,,526,,536,,549,,560,,570,,581,,593,,602,,609,,617,,622,,629,,633,,634,,636,,647
Europe and Central Asia,557,,561,,562,,564,,566,,575,,581,,587,,596,,605,,614,,624,,635,,643,,647,,655,,664,,670,,673,,682,,695,,706,,712,,725,,734,,739,,740,,743,,743,,753
Latin America and the Caribbean,485,,492,,500,,506,,514,,524,,533,,542,,553,,564,,574,,585,,594,,593,,598,,603,,610,,617,,629,,634,,636,,646,,649,,666,,673,,677,,684,,686,,687,,697
South Asia,302,,309,,316,,323,,330,,337,,344,,352,,359,,366,,373,,378,,385,,401,,411,,421,,435,,444,,454,,459,,471,,483,,497,,504,,517,,527,,540,,544,,544,,542
Sub-Saharan Africa,285,,290,,297,,304,,310,,319,,326,,332,,340,,348,,341,,343,,355,,370,,379,,387,,395,,404,,417,,425,,422,,429,,437,,449,,452,,457,,460,,465,,466,,471
Least Developed Countries,223,,228,,233,,239,,244,,251,,259,,268,,277,,288,,291,,301,,311,,319,,328,,338,,346,,355,,366,,377,,388,,396,,403,,408,,411,,419,,424,,430,,431,,437
Small Island Developing States,466,,471,,477,,483,,485,,492,,500,,506,,512,,519,,522,,529,,534,,543,,555,,561,,572,,584,,596,,601,,607,,613,,604,,609,,615,,621,,624,,628,,627,,633
Organization for Economic Co-operation and Development,679,,688,,681,,709,,720,,729,,735,,728,,747,,753,,755,,763,,770,,777,,782,,787,,793,,798,,805,,811,,818,,824,,828,,835,,841,,846,,850,,851,,852,,852
World,450,,456,,456,,469,,474,,482,,490,,490,,503,,511,,516,,522,,530,,538,,546,,553,,562,,570,,579,,585,,592,,600,,607,,614,,620,,626,,631,,633,,633,,637
